1,google.com
2,youtube.com
3,facebook.com
4,baidu.com
5,wikipedia.org
6,yahoo.com
7,google.co.in
8,reddit.com
9,qq.com
10,taobao.com
11,amazon.com
12,google.co.jp
13,twitter.com
14,tmall.com
15,live.com
16,vk.com
17,instagram.com
18,sohu.com
19,sina.com.cn
20,jd.com
21,weibo.com
22,360.cn
23,google.de
24,google.co.uk
25,google.fr
26,google.com.br
27,google.ru
28,linkedin.com
29,list.tmall.com
30,google.com.hk
31,netflix.com
32,yandex.ru
33,google.it
34,yahoo.co.jp
35,google.es
36,t.co
37,google.com.mx
38,pornhub.com
39,google.ca
40,ebay.com
41,alipay.com
42,imgur.com
43,bing.com
44,xvideos.com
45,twitch.tv
46,youth.cn
47,msn.com
48,aliexpress.com
49,ok.ru
50,microsoft.com
51,tumblr.com
52,mail.ru
53,hao123.com
54,wordpress.com
55,onclkds.com
56,office.com
57,apple.com
58,stackoverflow.com
59,csdn.net
60,github.com
61,livejasmin.com
62,microsoftonline.com
63,imdb.com
64,blogspot.com
65,amazon.co.jp
66,google.com.au
67,wikia.com
68,pinterest.com
69,google.com.tw
70,paypal.com
71,gmw.cn
72,google.com.tr
73,google.pl
74,google.co.id
75,whatsapp.com
76,xhamster.com
77,popads.net
78,detail.tmall.com
79,nicovideo.jp
80,google.com.ar
81,adobe.com
82,espn.com
83,coccoc.com
84,diply.com
85,googleusercontent.com
86,amazon.de
87,dropbox.com
88,so.com
89,google.com.ua
90,thepiratebay.org
91,google.com.pk
92,cnn.com
93,txxx.com
94,bongacams.com
95,xnxx.com
96,uptodown.com
97,amazon.in
98,pixnet.net
99,tianya.cn
100,soso.com
101,amazon.co.uk
102,craigslist.org
103,google.com.sa
104,bbc.co.uk
105,rakuten.co.jp
106,savefrom.net
107,bbc.com
108,fc2.com
109,booking.com
110,google.com.eg
111,google.nl
112,naver.com
113,google.co.th
114,nytimes.com
115,soundcloud.com
116,ask.com
117,google.co.za
118,amazonaws.com
119,google.co.ve
120,quora.com
121,mozilla.org
122,dailymotion.com
123,china.com
124,google.co.kr
125,salesforce.com
126,ettoday.net
127,onlinesbi.com
128,zhihu.com
129,stackexchange.com
130,detik.com
131,adf.ly
132,daikynguyenvn.com
133,theguardian.com
134,thestartmagazine.com
135,ebay.de
136,blogger.com
137,fbcdn.net
138,vimeo.com
139,google.com.sg
140,tribunnews.com
141,google.gr
142,chase.com
143,ebay.co.uk
144,chaturbate.com
145,cnet.com
146,google.se
147,roblox.com
148,google.be
149,google.com.ph
150,avito.ru
151,codeonclick.com
152,vice.com
153,spotify.com
154,google.cn
155,slideshare.net
156,providr.com
157,openload.co
158,xinhuanet.com
159,mediafire.com
160,steamcommunity.com
161,buzzfeed.com
162,cpm20.com
163,ladbible.com
164,google.az
165,alibaba.com
166,aparat.com
167,pinimg.com
168,dailymail.co.uk
169,nih.gov
170,globo.com
171,iwanttodeliver.com
172,blastingnews.com
173,force.com
174,washingtonpost.com
175,indeed.com
176,google.com.ng
177,google.co.ao
178,google.at
179,sogou.com
180,softonic.com
181,redd.it
182,uol.com.br
183,doubleclick.net
184,bet365.com
185,redonetype.com
186,deviantart.com
187,1688.com
188,twimg.com
189,google.com.co
190,godaddy.com
191,popcash.net
192,etsy.com
193,slack.com
194,flipkart.com
195,babytree.com
196,w3schools.com
197,wikihow.com
198,walmart.com
199,weather.com
200,google.ch
201,yelp.com
202,google.cl
203,tokopedia.com
204,utorrent.com
205,google.cz
206,google.com.vn
207,amazon.fr
208,discordapp.com
209,amazon.it
210,steampowered.com
211,messenger.com
212,bp.blogspot.com
213,redtube.com
214,spotscenered.info
215,google.no
216,4chan.org
217,gamepedia.com
218,google.ae
219,google.pt
220,mercadolivre.com.br
221,douyu.com
222,ikea.com
223,bankofamerica.com
224,china.com.cn
225,trello.com
226,metropcs.mobi
227,mama.cn
228,indiatimes.com
229,abs-cbn.com
230,people.com.cn
231,gfycat.com
232,kakaku.com
233,youm7.com
234,blogspot.co.id
235,myway.com
236,39.net
237,cnblogs.com
238,hclips.com
239,wellsfargo.com
240,google.ro
241,9gag.com
242,outbrain.com
243,forbes.com
244,google.com.pe
245,youporn.com
246,u1trkqf.com
247,mega.nz
248,huffingtonpost.com
249,google.ie
250,fmovies.is
251,onlinevideoconverter.com
252,bilibili.com
253,ameblo.jp
254,battle.net
255,spankbang.com
256,scribd.com
257,yts.ag
258,huanqiu.com
259,breitbart.com
260,speedtest.net
261,ltn.com.tw
262,aliyun.com
263,liputan6.com
264,kompas.com
265,google.dk
266,zillow.com
267,rambler.ru
268,livejournal.com
269,google.fi
270,bitmedianetwork.com
271,kinogo.club
272,files.wordpress.com
273,leboncoin.fr
274,foxnews.com
275,rarbg.to
276,eastday.com
277,tripadvisor.com
278,wetransfer.com
279,2ch.net
280,amazon.cn
281,gearbest.com
282,livedoor.com
283,caijing.com.cn
284,allegro.pl
285,freepik.com
286,streamable.com
287,torrentz2.eu
288,ebay-kleinanzeigen.de
289,aol.com
290,amazon.es
291,bitauto.com
292,google.co.il
293,archive.org
294,daum.net
295,businessinsider.com
296,wikimedia.org
297,shutterstock.com
298,google.dz
299,instructure.com
300,xfinity.com
301,feedly.com
302,bestbuy.com
303,thesaurus.com
304,performanceadexchange.com
305,google.hu
306,gostream.is
307,varzesh3.com
308,researchgate.net
309,sberbank.ru
310,giphy.com
311,zendesk.com
312,bukalapak.com
313,telegraph.co.uk
314,videodownloadconverter.com
315,wordreference.com
316,genius.com
317,weebly.com
318,naver.jp
319,adexchangeprediction.com
320,coinmarketcap.com
321,setn.com
322,telegram.org
323,medium.com
324,dingit.tv
325,skype.com
326,zipnoticias.com
327,samsung.com
328,kinopoisk.ru
329,subject.tmall.com
330,google.sk
331,rutracker.org
332,irctc.co.in
333,flickr.com
334,airbnb.com
335,google.kz
336,amazon.ca
337,kissanime.ru
338,zippyshare.com
339,digikala.com
340,1337x.to
341,mailchimp.com
342,web.de
343,orange.fr
344,ign.com
345,blogspot.in
346,gmx.net
347,ndtv.com
348,accuweather.com
349,sourceforge.net
350,163.com
351,elpais.com
352,nfl.com
353,blackboard.com
354,speakol.com
355,sabah.com.tr
356,youdao.com
357,goodreads.com
358,iqoption.com
359,ouo.io
360,olx.ua
361,hola.com
362,hdzog.com
363,asos.com
364,hulu.com
365,hatenablog.com
366,iqiyi.com
367,hp.com
368,oracle.com
369,rt.com
370,ci123.com
371,duckduckgo.com
372,canva.com
373,office365.com
374,hotstar.com
375,rednet.cn
376,onclickmax.com
377,wordpress.org
378,cloudfront.net
379,beeg.com
380,blpmovies.com
381,pipeschannels.com
382,icloud.com
383,onet.pl
384,usps.com
385,target.com
386,noaa.gov
387,atlassian.net
388,subscene.com
389,google.com.kw
390,marca.com
391,udemy.com
392,repubblica.it
393,go.com
394,doublepimp.com
395,independent.co.uk
396,ups.com
397,kaskus.co.id
398,uidai.gov.in
399,gamefaqs.com
400,goo.ne.jp
